ID|タイムスタンプ|英文|日本語訳|チャンク1|チャンク2|チャンク3|チャンク4|チャンク5
1|00:00:02.342|The suspect in the Brown University shooting has been found dead.|ブラウン大学での銃撃事件の容疑者が、遺体で発見されました。|The suspect^Subject^core^容疑者は|in the Brown University shooting^Prep Phrase^modifier^ブラウン大学での銃撃事件における|has been found dead^Verb+Comp^core^遺体で発見されました||
2|00:00:06.227|This was always going to be an investigation where something was going to break it open.|これは常に、何かが事態を急展開させるような捜査になるはずでした。|This was always going to be an investigation^S+V+C^core^これは常に（長期的な）捜査になる運命でした|where something was going to break it open^Relative Clause^modifier^何かがその状況を打開することになるような|||
3|00:00:11.070|How an anonymous Reddit post led to a storage locker in New Hampshire.|匿名のRedditの投稿が、いかにしてニューハンプシャー州の貸倉庫へとつながったのかをお伝えします。|How an anonymous Reddit post^Subject (Noun Clause)^core^いかにして匿名のRedditの投稿が|led to a storage locker^Verb+Prep+Obj^core^貸倉庫へとつながったのか|in New Hampshire^Prep Phrase^modifier^ニューハンプシャー州にある||
4|00:00:14.797|I'm Leila Fadil, that's Michelle Martin, and this is Up First from NPR News.|私はレイラ・ファディル、こちらはミシェル・マーティン、そしてNPRニュースがお届けする「Up First」です。|I'm Leila Fadil^S+V+C^core^私はレイラ・ファディルです|that's Michelle Martin^S+V+C^core^そちらはミシェル・マーティンです|and this is Up First^Connector+S+V+C^core^そしてこれは「Up First」です|from NPR News^Prep Phrase^modifier^NPRニュースがお届けする|
5|00:00:21.140|The DOJ faces a deadline today to release its files related to convicted sex offender Jeffrey Epstein.|司法省は今日、有罪判決を受けた性犯罪者ジェフリー・エプスタインに関連するファイルを公開する期限を迎えます。|The DOJ faces a deadline today^S+V+O+Adv^core^司法省は今日、期限を迎えます|to release its files^Infinitive^modifier^ファイルを公開するための|related to convicted sex offender Jeffrey Epstein^Participle Phrase^modifier^有罪判決を受けた性犯罪者ジェフリー・エプスタインに関連する||
6|00:00:27.827|What will and won't be released.|何が公開され、何が公開されないのか（についてお話しします）。|What will and won't be released^Noun Phrase^core^何が公開され、何がそうでないのか||||
7|00:00:30.164|And President Trump's hand-picked Kennedy Center board has voted to rename it the Trump Kennedy Center.|そしてトランプ大統領が選任したケネディ・センターの理事会は、名称を「トランプ・ケネディ・センター」に変更することを可決しました。|And President Trump's hand-picked Kennedy Center board^Subject^core^そしてトランプ大統領が選んだケネディ・センターの理事会は|has voted to rename it^V+Infinitive^core^名称を変更することを可決しました|the Trump Kennedy Center^Obj Comp^core^「トランプ・ケネディ・センター」へと||
8|00:00:35.530|One Democratic representative says her dissent was silenced, literally.|ある民主党議員は、自身の反対意見が封じられたと述べています。文字通りの意味で。|One Democratic representative says^S+V^core^ある民主党議員は述べています|her dissent was silenced^Noun Clause^core^彼女の異議（反対）が封じられたと|literally^Adverb^modifier^文字通りの意味で||
9|00:00:39.591|As I tried to push my button to voice my concern and certainly not to vote in support of this, I was muted.|懸念を表明するためにボタンを押そうとした時、そして断じてこれに賛成するためではなく、私はミュートされました。|As I tried to push my button^Subordinate Clause^modifier^私がボタンを押そうとした時|to voice my concern^Infinitive^modifier^懸念を表明するために|and certainly not to vote in support of this^Connector+Infinitive^connector^そして断じてこれに賛成票を投じるためではなく|I was muted^S+V (Passive)^core^私はミュート（消音）されました|
10|00:00:48.998|Stay with us. We'll give you news you need to start your day.|そのままお待ちください。あなたの一日の始まりに必要なニュースをお届けします。|Stay with us^Imperative^core^私たちと一緒にいてください（そのままお待ちください）|We'll give you news^S+V+O^core^ニュースをお届けします|you need to start your day^Relative Clause^modifier^一日を始めるために必要な||
11|00:00:59.019|This message comes from Jerry. Are you tired of your car insurance rate going up, even with a clean driving record?|このメッセージはJerryから提供されています。無事故の運転経歴があるのに、自動車保険料が上がることにうんざりしていませんか？|This message comes from Jerry^S+V+Prep^core^このメッセージはJerryから来ています|Are you tired of your car insurance rate going up^S+V+Adj+Prep^core^自動車保険料の値上げにうんざりしていませんか|even with a clean driving record?^Prep Phrase^modifier^優良な運転記録があるにもかかわらず||
12|00:01:05.861|That's why there's Jerry, your proactive insurance assistant.|だからこそ、あなたの能動的な保険アシスタント、Jerryがあるのです。|That's why there's Jerry^S+V+C^core^それがJerryが存在する理由です|your proactive insurance assistant^Appositive^modifier^あなたの先回りして動く保険アシスタントである|||
13|00:01:09.478|Jerry compares rates side-by-side from over 50 top insurers and helps you switch with ease.|Jerryは50社以上のトップ保険会社の料金を並べて比較し、簡単に切り替えられるよう手助けします。|Jerry compares rates side-by-side^S+V+O+Adv^core^Jerryは料金を並べて比較します|from over 50 top insurers^Prep Phrase^modifier^50社以上のトップ保険会社から|and helps you switch^Connector+V+O+Inf^connector^そして切り替えを手助けします|with ease^Prep Phrase^modifier^簡単に|
14|00:01:14.939|Jerry even tracks market rates and alerts you when it's best to shop.|Jerryは市場レートさえも追跡し、見直しに最適な時期を通知してくれます。|Jerry even tracks market rates^S+V+O^core^Jerryは市場レートさえも追跡し|and alerts you^Connector+V+O^core^あなたに通知します|when it's best to shop^Adverbial Clause^modifier^買い替え（見直し）に最適な時期を||
15|00:01:18.486|No spam calls, no hidden fees. Drivers who save with Jerry could save over $1,300 a year.|迷惑電話や隠れた手数料はありません。Jerryを使って節約したドライバーは、年間1,300ドル以上節約できる可能性があります。|No spam calls, no hidden fees^Noun Phrase^core^迷惑電話も隠れた手数料もありません|Drivers who save with Jerry^Subject^core^Jerryで節約したドライバーは|could save over $1,300 a year^Verb Phrase^core^年間1,300ドル以上節約できる可能性があります||
16|00:01:25.408|Switch with confidence. Download the Jerry app or visit jerry.ai slash npr today.|自信を持って切り替えましょう。今すぐJerryアプリをダウンロードするか、jerry.ai/nprにアクセスしてください。|Switch with confidence^Imperative^core^自信を持って切り替えてください|Download the Jerry app^Imperative^core^Jerryアプリをダウンロードするか|or visit jerry.ai slash npr today^Imperative^core^今日 jerry.ai/npr にアクセスしてください||
17|00:01:32.632|This message comes from homes.com. When you're home shopping as a parent, you have lots of questions about local schools.|このメッセージはhomes.comから提供されています。親として家探しをしている時、地元の学校について多くの疑問を持つことでしょう。|This message comes from homes.com^S+V+Prep^core^このメッセージはhomes.comから来ています|When you're home shopping as a parent^Adverbial Clause^modifier^親として家探しをしている時|you have lots of questions^S+V+O^core^たくさんの疑問を持つでしょう|about local schools^Prep Phrase^modifier^地元の学校について|
18|00:01:39.199|That's why each listing on homes.com includes extensive reports on local schools.|だからこそ、homes.comの各物件リストには、地元の学校に関する詳細なレポートが含まれています。|That's why^Conjunction^connector^そういうわけで|each listing on homes.com^Subject^core^homes.com上の各物件リストは|includes extensive reports^V+O^core^広範なレポートを含んでいます|on local schools^Prep Phrase^modifier^地元の学校に関する|
19|00:01:43.503|including photos, parent reviews, student-teacher ratio, school rankings, and more.|写真、保護者のレビュー、生徒と教師の比率、学校のランキングなどが含まれます。|including photos, parent reviews^Participle Phrase^modifier^写真や保護者のレビューを含め|student-teacher ratio^Noun Phrase^modifier^生徒と教師の比率|school rankings, and more^Noun Phrase^modifier^学校のランキング、その他などを||
20|00:01:48.042|The information is from multiple trusted sources and curated by a dedicated in-house research team.|情報は複数の信頼できる情報源からのものであり、専任の社内リサーチチームによって厳選されています。|The information is from multiple trusted sources^S+V+Prep^core^情報は複数の信頼できる情報源からのものです|and curated^Passive Verb^core^そして厳選（キュレーション）されています|by a dedicated in-house research team^Prep Phrase^modifier^専任の社内リサーチチームによって||
21|00:01:53.449|It's all so you can make the right decision for your family. Homes.com. We've done your homework.|すべては、あなたが家族のために正しい決断を下せるようにするためです。Homes.com。下調べは私たちが済ませておきました。|It's all so^S+V+Conj^core^それはすべて〜のためです|you can make the right decision^S+V+O^core^あなたが正しい決断を下せるように|for your family^Prep Phrase^modifier^あなたの家族のために|Homes.com. We've done your homework^Catchphrase^core^Homes.com。あなたの宿題（下調べ）は私たちがやりました|
22|00:01:59.529|Support for NPR and the following message come from Edward Jones.|NPRと以下のメッセージへの支援は、エドワード・ジョーンズから提供されています。|Support for NPR and the following message^Subject^core^NPRと続くメッセージへの支援は|come from Edward Jones^V+Prep^core^エドワード・ジョーンズから来ています|||
23|00:02:03.256|A rich life isn't always a straight line. Unexpected turns can bring new possibilities.|豊かな人生とは、必ずしも一直線ではありません。予期せぬ転換が、新たな可能性をもたらすことがあります。|A rich life isn't always a straight line^S+V+C^core^豊かな人生は必ずしも一直線ではありません|Unexpected turns^Subject^core^予期せぬ方向転換が|can bring new possibilities^V+O^core^新たな可能性をもたらすことがあります||
24|00:02:09.778|With a hundred years of experience navigating ups and downs, Edward Jones can help guide you.|浮き沈みを乗り越えてきた100年の経験を持つエドワード・ジョーンズが、あなたを導くお手伝いをします。|With a hundred years of experience^Prep Phrase^modifier^100年の経験を持って|navigating ups and downs^Participle Phrase^modifier^浮き沈みを乗り越えてきた|Edward Jones can help guide you^S+V+Inf+O^core^エドワード・ジョーンズがあなたを導くのを助けます||
25|00:02:15.592|Let's find your rich together. Edward Jones, member SIPC.|あなたの「豊かさ」を一緒に見つけましょう。SIPC会員、エドワード・ジョーンズ。|Let's find your rich together^Imperative^core^一緒にあなたの「豊かさ」を見つけましょう|Edward Jones, member SIPC^Proper Noun^core^SIPC会員、エドワード・ジョーンズ|||
26|00:02:20.819|Authorities have announced that the suspect in the shooting at Brown University on Saturday that killed two students and injured nine was found dead last night.|当局は、土曜日にブラウン大学で学生2人を殺害し9人を負傷させた銃撃事件の容疑者が、昨夜遺体で発見されたと発表しました。|Authorities have announced^S+V^core^当局は発表しました|that the suspect in the shooting^Noun Clause (Subject)^core^銃撃事件の容疑者が|at Brown University on Saturday^Prep Phrase^modifier^土曜日のブラウン大学での|that killed two students and injured nine^Relative Clause^modifier^学生2人を殺害し9人を負傷させた|was found dead last night^Verb Phrase^core^昨夜、遺体で発見されたことを
27|00:02:28.786|Yeah, the same man is also believed to have fatally shot an MIT physics professor at his home in Brookline, Massachusetts on Monday.|ええ、同一人物が月曜日にマサチューセッツ州ブルックラインの自宅で、MITの物理学教授を射殺したとも見られています。|Yeah, the same man is also believed^S+V (Passive)^core^ええ、同一人物だと見られています|to have fatally shot^Infinitive^core^致命傷を負わせた（射殺した）と|an MIT physics professor^Object^core^MITの物理学教授を|at his home in Brookline, Massachusetts on Monday^Prep Phrase^modifier^月曜日にマサチューセッツ州ブルックラインの自宅で|
28|00:02:37.496|And the big break in the case appears to have come via the social media site Reddit.|そして、この事件の大きな突破口は、ソーシャルメディアサイトのRedditを通じてもたらされたようです。|And the big break in the case^Subject^core^そして事件の大きな突破口（急展開）は|appears to have come^V+Infinitive^core^もたらされたように見えます|via the social media site Reddit^Prep Phrase^modifier^ソーシャルメディアサイトのRedditを通じて||
29|00:02:42.683|Ben Burke of member station Ocean State Media joins us now after a long day and night of reporting. Ben, thanks so much for joining us.|加盟局Ocean State Mediaのベン・バークが、昼夜を徹した取材の後、今私たちとつながっています。ベン、参加してくれてありがとう。|Ben Burke of member station Ocean State Media^Subject^core^加盟局Ocean State Mediaのベン・バークが|joins us now^V+O+Adv^core^今私たちに加わっています|after a long day and night of reporting^Prep Phrase^modifier^昼夜を徹した長い取材の後で|Ben, thanks so much for joining us^Phrase^core^ベン、参加してくれて本当にありがとう|
30|00:02:50.879|Good morning. So what do we know about the suspected killer, and do we know anything about why he did this?|おはようございます。さて、殺人の容疑者について何が分かっていますか？また、動機について何か分かっていることはありますか？|Good morning^Greeting^core^おはようございます|So what do we know^Wh-Question^core^さて、私たちは何を知っていますか|about the suspected killer^Prep Phrase^modifier^殺人の容疑者について|and do we know anything^Question^connector^そして何か分かっていますか|about why he did this?^Noun Clause^modifier^なぜ彼がこれをしたのかについて
31|00:02:56.627|The man's name is Claudio Neves Valente. He's a 48-year-old from Portugal who re-entered the country in 2017.|男の名前はクラウディオ・ネヴェス・ヴァレンテです。ポルトガル出身の48歳で、2017年に再入国しました。|The man's name is Claudio Neves Valente^S+V+C^core^男の名前はクラウディオ・ネヴェス・ヴァレンテです|He's a 48-year-old from Portugal^S+V+C^core^彼はポルトガル出身の48歳です|who re-entered the country in 2017^Relative Clause^modifier^2017年にこの国に再入国した||
32|00:03:06.667|But a while back in the year 2000, he was actually attending Brown University as a graduate student.|しかし、少し遡った2000年には、彼は実際に大学院生としてブラウン大学に通っていました。|But a while back in the year 2000^Adverb^modifier^しかし少し前の2000年には|he was actually attending Brown University^S+V+O^core^彼は実際にブラウン大学に通っていました|as a graduate student^Prep Phrase^modifier^大学院生として||
33|00:03:10.260|He dropped out after a year. 25 years later, authorities say that he shot up a building that he likely did a lot of his graduate work in.|彼は1年後に中退しました。25年後、当局によると、彼は大学院での研究の多くを行っていたと思われる建物を銃撃しました。|He dropped out after a year^S+V+Adv^core^彼は1年後に中退しました|25 years later^Adverb^modifier^25年後|authorities say that he shot up a building^S+V+Clause^core^当局は彼が建物を銃撃したと言っています|that he likely did a lot of his graduate work in^Relative Clause^modifier^彼がおそらく大学院での研究の多くを行っていた（建物）|
34|00:03:20.984|And the MIT professor that he allegedly killed two days later was a physicist as well.|そして、その2日後に彼が殺害したとされるMITの教授も、同じく物理学者でした。|And the MIT professor^Subject^core^そしてMITの教授は|that he allegedly killed two days later^Relative Clause^modifier^彼が2日後に殺害したとされる|was a physicist as well^V+C^core^同様に物理学者でした||
35|00:03:24.125|Authorities say Valente went to university in Portugal with this professor.|当局によると、ヴァレンテはこの教授とポルトガルの大学で一緒だったとのことです。|Authorities say^S+V^core^当局は言っています|Valente went to university in Portugal^S+V+Adv^core^ヴァレンテはポルトガルの大学に通っていたと|with this professor^Prep Phrase^modifier^この教授と一緒に||
36|00:03:29.640|And even though they have drawn these connections, they still don't have a clear sense for his motive.|こうしたつながりは描けていますが、動機については未だ明確な感触を得ていません。|And even though they have drawn these connections^Adverbial Clause^connector^こうしたつながりは描けて（特定できて）いますが|they still don't have a clear sense^S+V+O^core^彼らは未だ明確な感触を持っていません|for his motive^Prep Phrase^modifier^彼の動機についての||
37|00:03:35.531|They do know Valente killed himself in a storage locker before investigators even got there, most likely.|分かっているのは、ヴァレンテが捜査員が到着するよりも前に、貸倉庫の中で自殺した可能性が高いということです。|They do know Valente killed himself^S+V+Clause^core^彼らはヴァレンテが自殺したことを知っています|in a storage locker^Prep Phrase^modifier^貸倉庫の中で|before investigators even got there^Adverbial Clause^modifier^捜査員がそこに到着するよりも前に|most likely^Adverb^modifier^十中八九（おそらく）|
38|00:03:42.275|You know, it took five days for the authorities to catch up to him. Do we have any sense of how he avoided getting caught?|当局が彼を追い詰めるのに5日かかりましたよね。彼がどのようにして逮捕を逃れていたのか、何か分かっていますか？|You know, it took five days^S+V+O^core^ご存知の通り、5日かかりました|for the authorities to catch up to him^Infinitive Subject^modifier^当局が彼に追いつくのに|Do we have any sense^Question^core^何か分かっていますか（感触はありますか）|of how he avoided getting caught?^Prep+Noun Clause^modifier^彼がいかにして逮捕されるのを避けていたかについて|
39|00:03:48.322|Valente wore a winter coat and a medical mask, which made it hard to see his face on surveillance cameras.|ヴァレンテは冬用のコートと医療用マスクを着用しており、監視カメラで顔を確認するのが困難でした。|Valente wore a winter coat and a medical mask^S+V+O^core^ヴァレンテは冬用コートと医療用マスクを着用していました|which made it hard to see his face^Relative Clause^modifier^それが彼の顔を見ることを困難にしました|on surveillance cameras^Prep Phrase^modifier^監視カメラ上で||
40|00:03:54.110|The U.S. attorney for Massachusetts, Leah Foley, said he drove a rental car and swapped the license plate while he was on the run.|マサチューセッツ州の連邦検事リア・フォーリーによると、彼はレンタカーを運転し、逃走中にナンバープレートを交換していたとのことです。|The U.S. attorney for Massachusetts, Leah Foley, said^S+V^core^マサチューセッツ州の連邦検事リア・フォーリーは言いました|he drove a rental car^S+V+O^core^彼はレンタカーを運転し|and swapped the license plate^V+O^core^ナンバープレートを交換したと|while he was on the run^Adverbial Clause^modifier^彼が逃走している間に|
41|00:04:01.469|He was using a phone that was obfuscating ability to track it, and he was using, like, not credit cards that were tied to his name.|彼は追跡を困難にするような電話を使用し、自分の名前と紐付いていないクレジットカードなどを使っていました。|He was using a phone^S+V+O^core^彼は電話を使用していました|that was obfuscating ability to track it^Relative Clause^modifier^その追跡能力を曖昧にする（追跡しにくくする）ような|and he was using^S+V^connector^そして彼は使っていました|not credit cards that were tied to his name^Noun Phrase^core^自分の名前に紐付いたクレジットカードではないものを|
42|00:04:11.539|And so he was sophisticated in hiding his tracks.|つまり、彼は自分の足跡を隠すことに長けて（洗練されて）いました。|And so he was sophisticated^S+V+C^core^そのため彼は洗練されて（巧妙）でした|in hiding his tracks^Prep Phrase^modifier^自分の足跡を隠すことにおいて|||
43|00:04:15.083|As sophisticated as this operation might seem because of these details, authorities right now are saying that they think Valente acted alone.|これらの詳細から犯行が巧妙に見えるかもしれませんが、当局は現時点で、ヴァレンテの単独犯だと考えていると述べています。|As sophisticated as this operation might seem^Adverbial Clause^modifier^この作戦がどれほど巧妙に見えようとも|because of these details^Prep Phrase^modifier^これらの詳細のせいで|authorities right now are saying^S+V^core^当局は現時点で述べています|that they think Valente acted alone^Noun Clause^core^ヴァレンテが単独で行動したと考えていると|
44|00:04:23.052|What was the break in the case? It's a wild story. It seems that the break in the case happened on Reddit.|事件の突破口は何だったのですか？信じられないような話です。事件の突破口はReddit上で起きたようです。|What was the break in the case?^Wh-Question^core^事件の突破口は何でしたか？|It's a wild story^S+V+C^core^それは信じがたい（ワイルドな）話です|It seems that^S+V^core^〜のようです|the break in the case happened on Reddit^Noun Clause^core^事件の突破口がRedditで起きたというのは|
45|00:04:30.075|There's a witness who saw Valente in a bathroom at Brown a few hours before the shooting.|銃撃の数時間前に、ブラウン大学のトイレでヴァレンテを目撃した人物がいます。|There's a witness^S+V+C^core^目撃者がいます|who saw Valente in a bathroom at Brown^Relative Clause^modifier^ブラウン大学のトイレでヴァレンテを見た|a few hours before the shooting^Prep Phrase^modifier^銃撃の数時間前に||
46|00:04:35.639|He found Valente suspicious. So he followed him out of the building, chased him to his car and confronted him but then the witness walked away and the shooting happened an hour or two later.|彼はヴァレンテを不審に思いました。そこで建物の外まで後をつけ、車まで追いかけて問い詰めましたが、その後目撃者は立ち去り、その1、2時間後に銃撃が起きました。|He found Valente suspicious^S+V+O+C^core^彼はヴァレンテを不審に思いました|So he followed him out of the building^S+V+O+Adv^core^そこで彼は建物の外まで彼をつけ|chased him to his car and confronted him^V+O+Connector+V+O^core^車まで追いかけて彼を問い詰めました|but then the witness walked away^S+V+Adv^connector^しかしその後、目撃者は立ち去り|and the shooting happened an hour or two later^S+V+Adv^connector^そして1、2時間後に銃撃が起きました
47|00:04:47.954|For days, investigators didn't have a lead on how to find the shooter until this same witness posted on Reddit describing the suspect's vehicle.|何日もの間、捜査当局は銃撃犯を見つける手がかりを持っていませんでしたが、この同じ目撃者がRedditに容疑者の車の特徴を投稿したことで状況が変わりました。|For days^Adverb^modifier^何日もの間|investigators didn't have a lead^S+V+O^core^捜査員たちは手がかりを持っていませんでした|on how to find the shooter^Prep Phrase^modifier^どうやって銃撃犯を見つけるかについての|until this same witness posted on Reddit^Adverbial Clause^connector^この同じ目撃者がRedditに投稿するまでは|describing the suspect's vehicle^Participle Phrase^modifier^容疑者の車を描写する（投稿を）
48|00:04:57.827|And that Reddit post is how investigators connected the suspect to a vehicle, which they were then able to track with a license plate reader to find him.|そしてそのRedditの投稿こそが、捜査員が容疑者と車両を結びつけた方法であり、その後ナンバープレート読み取り機で追跡し、彼を発見することができたのです。|And that Reddit post is how^S+V+C^core^そしてそのRedditの投稿が（〜した）方法です|investigators connected the suspect to a vehicle^S+V+O+Prep^core^捜査員が容疑者を車両と結びつけた|which they were then able to track^Relative Clause^modifier^（その車両を）彼らはその後追跡することができ|with a license plate reader to find him^Prep Phrase+Inf^modifier^ナンバープレート読取機を使って、彼を見つけるために|
49|00:05:06.905|That is a wild story. So what questions are left beyond the obvious one of like, why did he do this?|それは本当に信じられない話ですね。では、「なぜ彼がこんなことをしたのか」という明白な疑問以外に、どんな疑問が残されていますか？|That is a wild story^S+V+C^core^それは信じがたい話ですね|So what questions are left^Wh-Question^core^ではどんな疑問が残されていますか|beyond the obvious one of like^Prep Phrase^modifier^〜のような明白な疑問以外に|why did he do this?^Noun Clause^modifier^なぜ彼がこれをしたのか|
50|00:05:13.733|A big question is what's the political response to this going to look like?|大きな疑問は、これに対する政治的な反応がどのようになるかということです。|A big question is^S+V^core^大きな疑問は|what's the political response to this^Noun Clause (Subject)^core^これに対する政治的反応が何であるか（どうなるか）|going to look like?^Verb Phrase^core^どのようになるかということです||
51|00:05:17.166|Immediately after the news broke last night, Trump suspended the green card lottery program that allowed this alleged shooter to come to the United States in 2017.|昨夜ニュースが報じられた直後、トランプ大統領は、この銃撃容疑者が2017年に米国に入国することを可能にしたグリーンカード抽選プログラムを停止しました。|Immediately after the news broke last night^Adverbial Clause^modifier^昨夜ニュースが速報された直後に|Trump suspended the green card lottery program^S+V+O^core^トランプはグリーンカード抽選プログラムを停止しました|that allowed this alleged shooter^Relative Clause^modifier^この銃撃容疑者に許可を与えた|to come to the United States in 2017^Infinitive^modifier^2017年に合衆国に来ることを|
52|00:05:27.432|Another big question is, how are people going to react to how Brown University responded to this tragedy?|もう一つの大きな疑問は、ブラウン大学がこの悲劇にどう対応したかに対し、人々がどう反応するかです。|Another big question is^S+V^core^もう一つの大きな疑問は|how are people going to react^Wh-Clause^core^人々がどう反応するかです|to how Brown University responded^Prep+Noun Clause^modifier^ブラウン大学がいかに対応したかに対して|to this tragedy?^Prep Phrase^modifier^この悲劇に|
53|00:05:33.745|Trump's been blaming the university for not having enough cameras on campus, but the university defends its security protocols.|トランプはキャンパス内のカメラが不十分だったとして大学を非難していますが、大学側は自校のセキュリティ・プロトコル（手順）を擁護しています。|Trump's been blaming the university^S+V+O^core^トランプは大学を非難し続けています|for not having enough cameras on campus^Prep Phrase^modifier^キャンパスに十分なカメラを持っていなかったことについて|but the university defends its security protocols^Connector+S+V+O^connector^しかし大学側はセキュリティ・プロトコルを擁護しています||
54|00:05:41.010|That is Ben Burke from member station Ocean State Media after a long day and night of reporting. Ben, thank you so much.|加盟局Ocean State Mediaのベン・バークでした。昼夜を徹した取材、お疲れ様でした。ベン、本当にありがとう。|That is Ben Burke^S+V+C^core^こちらはベン・バークでした|from member station Ocean State Media^Prep Phrase^modifier^加盟局Ocean State Mediaの|after a long day and night of reporting^Prep Phrase^modifier^昼夜を徹した取材の後で|Ben, thank you so much^Phrase^core^ベン、本当にありがとう|
55|00:05:57.071|Today is the deadline for the Justice Department to release the files related to the life and death of Jeffrey Epstein.|今日は、ジェフリー・エプスタインの生涯と死に関連するファイルを司法省が公開する期限です。|Today is the deadline^S+V+C^core^今日は期限日です|for the Justice Department to release the files^Inf Subject^modifier^司法省がファイルを公開するための|related to the life and death of Jeffrey Epstein^Participle Phrase^modifier^ジェフリー・エプスタインの生涯と死に関連する||
56|00:06:02.508|President Trump signed a law last month that orders the Attorney General to share records about the convicted sex offender and his accomplice, Ghislaine Maxwell.|トランプ大統領は先月、有罪判決を受けた性犯罪者と、その共犯者ギレーヌ・マクスウェルに関する記録を共有するよう司法長官に命じる法律に署名しました。|President Trump signed a law last month^S+V+O+Adv^core^トランプ大統領は先月、法律に署名しました|that orders the Attorney General^Relative Clause^modifier^司法長官に命じる|to share records^Infinitive^modifier^記録を共有（公開）するように|about the convicted sex offender and his accomplice, Ghislaine Maxwell^Prep Phrase^modifier^有罪判決を受けた性犯罪者とその共犯者ギレーヌ・マクスウェルに関する|
57|00:06:11.286|But there are questions about what exactly will be made public and if the deadline will be met.|しかし、具体的に何が公開されるのか、そして期限が守られるのかについて疑問が残っています。|But there are questions^Connector+S+V+S^core^しかし疑問があります|about what exactly will be made public^Prep+Noun Clause^modifier^具体的に何が公開されることになるのか|and if the deadline will be met^Noun Clause^modifier^そして期限が守られるかどうかについて||
58|00:06:17.528|NPR's Stephen Fowler has been covering the Trump administration's evolving stance on the Epstein Files and is with us now. Good morning, Stephen.|NPRのスティーブン・ファウラーは、エプスタイン・ファイルに対するトランプ政権の変化する姿勢を取材しており、今ここにいます。おはよう、スティーブン。|NPR's Stephen Fowler has been covering^S+V^core^NPRのスティーブン・ファウラーは取材を続けています|the Trump administration's evolving stance^Object^core^トランプ政権の変化する姿勢を|on the Epstein Files^Prep Phrase^modifier^エプスタイン・ファイルに関する|and is with us now^Connector+V+Prep^connector^そして今私たちと一緒にいます|Good morning, Stephen^Greeting^core^おはよう、スティーブン
59|00:06:24.590|So what can you tell us about what might be released today?|さて、今日公開される可能性のあるものについて、何が言えますか？|So what can you tell us^Wh-Question^core^さて、私たちに何が言えますか|about what might be released today?^Prep+Noun Clause^modifier^今日公開されるかもしれないものについて|||
60|00:06:27.973|There's this law, the Epstein Files Transparency Act. It was signed by Trump and passed nearly unanimous by Congress.|「エプスタイン・ファイル透明化法」という法律があります。これはトランプによって署名され、議会でほぼ全会一致で可決されました。|There's this law^S+V+S^core^この法律があります|the Epstein Files Transparency Act^Appositive^core^「エプスタイン・ファイル透明化法」という|It was signed by Trump^S+V+Prep^core^それはトランプによって署名され|and passed nearly unanimous by Congress^Connector+V+Adv+Prep^core^そして議会によってほぼ全会一致で可決されました|
61|00:06:34.973|It directs the Attorney General to make all unclassified records, documents, communications, investigative materials available in a searchable and downloadable format.|これは司法長官に対し、すべての非機密記録、文書、通信、捜査資料を、検索可能でダウンロード可能な形式で公開するよう指示するものです。|It directs the Attorney General^S+V+O^core^それは司法長官に指示します|to make all unclassified records... available^Infinitive (make O C)^modifier^すべての非機密記録...を利用可能にするよう|in a searchable and downloadable format^Prep Phrase^modifier^検索およびダウンロード可能な形式で||
62|00:06:44.704|That should include information from the Justice Department related to the prosecution and non-prosecution of Epstein,|それには、エプスタインの起訴および不起訴に関連する司法省からの情報が含まれるはずです。|That should include information^S+V+O^core^それには情報が含まれるはずです|from the Justice Department^Prep Phrase^modifier^司法省からの|related to the prosecution and non-prosecution of Epstein^Participle Phrase^modifier^エプスタインの起訴および不起訴に関連する||
63|00:06:51.024|hundreds of gigabytes of digital and physical evidence that the FBI has, grand jury files, and other things that have already been made public otherwise.|FBIが保有する数百ギガバイトのデジタルおよび物理的証拠、大陪審ファイル、そして既に他の方法で公開されているその他のものが含まれます。|hundreds of gigabytes of digital and physical evidence^Noun Phrase^core^数百ギガバイトのデジタルおよび物理的証拠|that the FBI has^Relative Clause^modifier^FBIが持っている|grand jury files^Noun Phrase^core^大陪審ファイル|and other things that have already been made public otherwise^Noun Phrase^core^そして既に別途公開されているその他のもの|
64|00:06:59.712|It's also worth pointing out the law gives this deadline of 30 days after Trump signed it as a deadline.|また、この法律が、トランプが署名してから30日後を期限としていることも指摘しておく価値があります。|It's also worth pointing out^S+V+O^core^指摘しておく価値もあります|the law gives this deadline^S+V+O^core^法律がこの期限を定めていることを|of 30 days after Trump signed it^Prep Phrase^modifier^トランプが署名してから30日後という|as a deadline^Prep Phrase^modifier^期限として|
65|00:07:05.682|But there is no enforcement mechanism or penalties or consequences written into the law for this time not being met or any improper redaction of information.|しかし、この期限が守られなかった場合や、情報の不適切な黒塗り（削除）があった場合について、強制メカニズムや罰則、結果などは法律に書き込まれていません。|But there is no enforcement mechanism...^S+V+S^connector^しかし強制メカニズム...はありません|written into the law^Participle Phrase^modifier^法律に書き込まれた|for this time not being met^Prep Phrase^modifier^この時間が守られないことに対する|or any improper redaction of information^Noun Phrase^modifier^あるいは情報の不適切な黒塗りに対する|
66|00:07:15.071|Now, I think many people may remember that members of Congress from both parties have been on this, pushing the administration to release these files.|さて、多くの人が覚えていると思いますが、超党派の議員たちがこれに取り組み、政権にこれらのファイルを公開するよう迫ってきました。|Now, I think many people may remember^S+V+Clause^core^さて、多くの人が覚えていると思います|that members of Congress from both parties^Noun Clause (Subject)^core^両党の連邦議会議員たちが|have been on this^Verb Phrase^core^これに取り組んできたことを|pushing the administration to release these files^Participle Phrase^modifier^政権にこれらのファイルを公開するよう強く求めながら|
67|00:07:21.993|So have any of them said anything about what they expect the DOJ to do?|それで、彼らの中で誰か、司法省に何を期待するかについて何か言っていますか？|So have any of them said anything^Wh-Question^core^それで彼らの誰かが何か言いましたか|about what they expect the DOJ to do?^Prep+Noun Clause^modifier^彼らが司法省に何をしてほしいと期待するかについて||
68|00:07:26.055|Well, Kentucky Republican Thomas Massey, he's one of the main people that have been pushing for the files to be released.|ええ、ケンタッキー州選出の共和党員トーマス・マッシー、彼はファイルの公開を推進してきた中心人物の一人です。|Well, Kentucky Republican Thomas Massey^Subject^core^ええ、ケンタッキー州共和党のトーマス・マッシーは|he's one of the main people^S+V+C^core^彼は中心人物の一人です|that have been pushing^Relative Clause^modifier^強く推進してきた|for the files to be released^Prep Phrase^modifier^ファイルが公開されることを|
69|00:07:32.352|He shared a 14-minute video yesterday explaining his expectations.|彼は昨日、自身の期待を説明する14分間の動画を公開しました。|He shared a 14-minute video yesterday^S+V+O+Adv^core^彼は昨日14分の動画をシェアしました|explaining his expectations^Participle Phrase^modifier^彼の期待を説明する|||
70|00:07:37.080|He says there's information from Epstein's victims that should be included in these files, like the names of at least 20 men accused of sex crimes.|彼は、エプスタインの被害者からの情報がこれらのファイルに含まれるべきだと言っています。例えば、性犯罪で告発された少なくとも20人の男性の名前などです。|He says there's information^S+V+Clause^core^彼は情報があると言っています|from Epstein's victims^Prep Phrase^modifier^エプスタインの被害者からの|that should be included in these files^Relative Clause^modifier^これらのファイルに含まれるべき|like the names of at least 20 men accused of sex crimes^Prep Phrase^modifier^性犯罪で告発された少なくとも20人の男性の名前のような|
71|00:07:45.189|So if we get a large production on December 19th, and it does not contain a single name of any male who's accused of a sex crime or sex trafficking or rape or any of these things,|「もし12月19日に大量の資料が出たとしても、性犯罪や人身売買、レイプなどで告発された男性の名前が一人も含まれていなければ、」|So if we get a large production^Adverbial Clause^connector^もし大量の提出（資料）を得たとして|on December 19th^Prep Phrase^modifier^12月19日に|and it does not contain a single name^Connector+S+V+O^connector^そしてそれが名前を一つも含んでいなければ|of any male who's accused of a sex crime...^Prep Phrase^modifier^性犯罪...で告発された男性の|
72|00:08:01.040|then we know they haven't produced all the documents. It's that simple.|「彼らが全ての文書を提出していないことが分かる。単純な話だ」と。|then we know^S+V^core^その時我々は知ることになる|they haven't produced all the documents^Noun Clause^core^彼らが全ての文書を提出していないということを|It's that simple^S+V+C^core^それはそれほど単純なことだ||
73|00:08:04.166|Is it that simple? It's not.|それほど単純な話なのですか？いいえ、違います。|Is it that simple?^Question^core^それはそんなに単純ですか？|It's not^Answer^core^そうではありません|||
74|00:08:06.915|The law does give the Attorney General's office leeway to redact certain things, and the House won't be in session today to react.|法律は司法長官室に特定の事項を黒塗りする裁量を与えていますし、下院は今日、対応するための会期中ではありません。|The law does give the Attorney General's office leeway^S+V+IO+DO^core^法律は司法長官室に裁量（余地）を与えています|to redact certain things^Infinitive^modifier^特定の事項を黒塗り（削除）するための|and the House won't be in session today^S+V+C+Adv^connector^そして下院は今日会期中ではありません|to react^Infinitive^modifier^反応（対応）するための|
75|00:08:14.482|Massey thinks it'll take a few days to understand if there's anything that's been left out.|マッシーは、何かが除外されているかどうかを理解するには数日かかるだろうと考えています。|Massey thinks it'll take a few days^S+V+O^core^マッシーは数日かかると考えています|to understand^Infinitive^modifier^理解するために|if there's anything that's been left out^Noun Clause^core^何かが除外されているかどうかを||
76|00:08:19.646|In the meantime, there have been other releases dripping from the House Oversight Committee Democrats and Republicans of different Epstein materials, including one just yesterday.|その間にも、下院監視委員会の民主党と共和党から、エプスタイン関連の別の資料が少しずつ公開されており、つい昨日も一つありました。|In the meantime^Adverb^connector^その間に|there have been other releases dripping^S+V+S+Participle^core^他の公開（資料）がしたたり落ちて（徐々に出されて）います|from the House Oversight Committee Democrats and Republicans^Prep Phrase^modifier^下院監視委員会の民主党と共和党から|of different Epstein materials^Prep Phrase^modifier^異なるエプスタイン資料の|including one just yesterday^Participle Phrase^modifier^つい昨日のものも含めて
77|00:08:29.865|These are things that are like private files, emails, photographs, texts, and more from Epstein's private estate handed over under a congressional subpoena.|これらは、議会の召喚状に基づいて提出された、エプスタインの私有地からのプライベートファイル、メール、写真、テキストメッセージなどのようなものです。|These are things that are like private files...^S+V+C^core^これらはプライベートファイル...のようなものです|from Epstein's private estate^Prep Phrase^modifier^エプスタインの私有地からの|handed over under a congressional subpoena^Participle Phrase^modifier^議会の召喚状のもとで引き渡された||
78|00:08:38.836|And there is this massive body of already public files and court records and things like that that already exist.|そして、既に公開されているファイルや裁判記録など、膨大な量の既存資料もあります。|And there is this massive body^S+V+S^core^そしてこの巨大な塊（大量の資料）があります|of already public files and court records^Prep Phrase^modifier^既に公開されたファイルや裁判記録の|and things like that that already exist^Noun Phrase^modifier^そして既に存在しているそのようなもの||
79|00:08:45.106|So we don't know what files will be released, if they will be released today, or what sort of reaction and fallout might come.|ですから、どんなファイルが公開されるのか、今日公開されるのか、あるいはどのような反応や波紋が広がるのか、私たちには分かりません。|So we don't know^S+V^core^だから私たちは分かりません|what files will be released^Noun Clause^core^どんなファイルが公開されるのか|if they will be released today^Noun Clause^core^それらが今日公開されるのかどうか|or what sort of reaction and fallout might come^Noun Clause^core^あるいはどんな反応や予期せぬ結果が起こるのか|
80|00:08:52.332|But this has still driven a lot of political conversation really through much of the year.|しかし、これは今年の大半を通じて、多くの政治的な会話を喚起してきました。|But this has still driven^Connector+S+V^core^しかしこれは依然として駆り立ててきました|a lot of political conversation^Object^core^多くの政治的会話を|really through much of the year^Prep Phrase^modifier^実際、年間の大半を通じて||
81|00:08:56.770|And I guess I'm just wondering, based on your reporting, if you think that's going to continue?|あなたの取材に基づいて伺いたいのですが、それは今後も続くと思いますか？|And I guess I'm just wondering^S+V^core^そして私はただ疑問に思っています|based on your reporting^Prep Phrase^modifier^あなたの取材に基づいて|if you think that's going to continue?^Noun Clause^core^それが続くとあなたが思うかどうか||
82|00:09:01.178|Absolutely. The way the Trump administration has handled the Epstein files, including downplaying the release of information for much of the year, means that anything that comes likely won't be the end of the story.|間違いありません。情報の公開を軽視するなど、トランプ政権のエプスタイン・ファイルへの対応を見る限り、何が出てきたとしても、それで話が終わることはないでしょう。|Absolutely^Adverb^core^その通りです（間違いありません）|The way the Trump administration has handled the Epstein files^Subject^core^トランプ政権のエプスタイン・ファイルの扱い方は|including downplaying the release of information^Participle Phrase^modifier^情報の公開を軽視することを含め|means that anything that comes^V+Clause^core^何が出てきても〜ということを意味します|likely won't be the end of the story^Verb Phrase^core^おそらく物語（話）の終わりにはならないだろうと
83|00:09:12.886|Democrats have used the file this year, and Trump's changing message is one of the few levers of power they have to go after the administration.|民主党は今年このファイルを利用してきましたし、トランプの二転三転するメッセージは、彼らが政権を追及するために持っている数少ない力のテコ（手段）の一つです。|Democrats have used the file this year^S+V+O+Adv^core^民主党は今年そのファイルを使ってきました|and Trump's changing message is^Connector+S+V^connector^そしてトランプの変わるメッセージは〜です|one of the few levers of power^Complement^core^数少ない力のテコ（手段）の一つ|they have to go after the administration^Relative Clause^modifier^彼らが政権を追及するために持っている|
84|00:09:20.230|There's also a large portion of Trump's base that's been unhappy because they were promised by the president, attorney general, FBI director, and others|また、トランプ支持層の大部分も不満を抱いています。なぜなら彼らは大統領、司法長官、FBI長官らによって約束されたからです。|There's also a large portion of Trump's base^S+V+S^core^トランプ支持層の大きな部分もいます|that's been unhappy^Relative Clause^modifier^不満を抱いている|because they were promised^Adverbial Clause^modifier^なぜなら彼らは約束されたからです|by the president, attorney general...^Prep Phrase^modifier^大統領、司法長官...らによって|
85|00:09:28.050|that there was a cabal of child predators being protected by powerful people in the government that would be revealed.|政府内の権力者たちに守られている児童略奪者の陰謀団が存在し、それが暴かれるであろうと。|that there was a cabal of child predators^Noun Clause^core^児童略奪者の陰謀団が存在するということを|being protected by powerful people in the government^Participle Phrase^modifier^政府内の有力者たちに守られている|that would be revealed^Relative Clause^modifier^（そしてそれが）暴かれるであろうと||
86|00:09:33.775|Throughout all of this, Epstein and Maxwell's victims say they're disappointed that their allegations of abuse have been used as a political cudgel wielded by politicians in Washington.|この騒動を通じて、エプスタインとマクスウェルの被害者たちは、自分たちの虐待の申し立てがワシントンの政治家たちによって政治的な棍棒（政争の具）として使われていることに失望していると言っています。|Throughout all of this^Prep Phrase^modifier^このすべてを通じて|Epstein and Maxwell's victims say they're disappointed^S+V+O^core^エプスタインとマクスウェルの被害者たちは失望していると言っています|that their allegations of abuse have been used^Noun Clause^modifier^彼女らの虐待の申し立てが使われてきたことに|as a political cudgel^Prep Phrase^modifier^政治的な棍棒（武器）として|wielded by politicians in Washington^Participle Phrase^modifier^ワシントンの政治家たちによって振るわれる
87|00:09:43.368|That is NPR's Stephen Fowler. Stephen, thank you. Thank you.|NPRのスティーブン・ファウラーでした。スティーブン、ありがとう。ありがとう。|That is NPR's Stephen Fowler^S+V+C^core^NPRのスティーブン・ファウラーでした|Stephen, thank you^Phrase^core^スティーブン、ありがとう|Thank you^Phrase^core^ありがとう||
88|00:09:55.221|The Kennedy Center seems to be getting a new addition to its name.|ケネディ・センターの名称に、新たな追加がなされるようです。|The Kennedy Center seems to be getting^S+V+O^core^ケネディ・センターは得ることになるようです|a new addition to its name^Noun Phrase^core^その名前に新たな追加を|||
89|00:09:58.924|Yeah, the board of the famed Washington, D.C. cultural institution voted Thursday to change its name to the Donald J. Trump and the John F. Kennedy Memorial Center for the Performing Arts.|ええ、ワシントンD.C.の有名な文化施設の理事会は木曜日、その名称を「ドナルド・J・トランプ・アンド・ジョン・F・ケネディ・メモリアル・パフォーミング・アーツ・センター」に変更することを可決しました。|Yeah, the board of the famed Washington, D.C. cultural institution^Subject^core^ええ、ワシントンD.C.の有名な文化施設の理事会は|voted Thursday to change its name^V+Adv+Inf^core^木曜日に名称を変更することを投票で決めました|to the Donald J. Trump and the John F. Kennedy Memorial Center...^Prep Phrase^core^「ドナルド・J・トランプ・アンド・ジョン・F・ケネディ・メモリアル・センター...」へと||
90|00:10:11.119|The president's press secretary announced the news on social media, stating that it was a unanimous decision.|大統領報道官はソーシャルメディアでこのニュースを発表し、全会一致の決定であったと述べました。|The president's press secretary announced the news^S+V+O^core^大統領報道官はこのニュースを発表しました|on social media^Prep Phrase^modifier^ソーシャルメディア上で|stating that it was a unanimous decision^Participle Phrase^modifier^それが全会一致の決定であったと述べながら||
91|00:10:17.200|And while the change has already taken effect on the center's website, critics, critics including members of the Kennedy family, say this move requires congressional approval.|変更はすでにセンターのウェブサイトで発効していますが、ケネディ家のメンバーを含む批判者たちは、この動きには議会の承認が必要だと述べています。|And while the change has already taken effect^Adverbial Clause^connector^そして変更はすでに効力を発揮していますが|on the center's website^Prep Phrase^modifier^センターのウェブサイト上で|critics including members of the Kennedy family^S+Phrase^core^ケネディ家のメンバーを含む批判者たちは|say this move requires congressional approval^V+Clause^core^この動きには議会の承認が必要だと言っています|
92|00:10:27.479|NPR's Andrew Limbaugh is here to tell us more about this. Good morning, Andrew. Hey, Michelle.|NPRのアンドリュー・リンボーが、これについて詳しく伝えてくれます。おはよう、アンドリュー。やあ、ミシェル。|NPR's Andrew Limbaugh is here^S+V+Adv^core^NPRのアンドリュー・リンボーがここに来ています|to tell us more about this^Infinitive^modifier^これについて詳しく話すために|Good morning, Andrew^Greeting^core^おはよう、アンドリュー|Hey, Michelle^Greeting^core^やあ、ミシェル|
93|00:10:31.480|So how did this all come about?|それで、これは一体どうやって起きたのですか？|So how did this all come about?^Wh-Question^core^それでこれは一体どうやって起きたのですか？（経緯は？）||||
94|00:10:33.323|Well, you know, this is something that the president has been teasing for a bit.|そうですね、これは大統領が少し前からほのめかしていたことです。|Well, you know, this is something^S+V+C^core^ええと、これは〜なことです|that the president has been teasing for a bit^Relative Clause^modifier^大統領が少しの間、じらして（ほのめかして）いた||
95|00:10:36.104|I was actually at the Kennedy Center Honors a few weeks ago where he appointed himself to become the first president ever to host that show.|私は実際に数週間前、ケネディ・センター名誉賞の授賞式にいましたが、そこで彼は、そのショーを主催する史上初の大統領になるよう自らを任命しました。|I was actually at the Kennedy Center Honors a few weeks ago^S+V+Adv+Adv^core^私は実は数週間前、ケネディ・センター名誉賞（授賞式）にいました|where he appointed himself^Relative Clause^modifier^そこで彼は自分自身を任命しました|to become the first president ever to host that show^Infinitive^modifier^そのショーを主催する史上初の大統領になるように|
96|00:10:42.104|And he was playing coy with the press when they asked him about it, deferring to the board.|彼はそれについて記者団から尋ねられた際、理事会に委ねると言って、はぐらかしていました。|And he was playing coy with the press^S+V+C+Prep^core^そして彼は記者団に対してはぐらかしていました|when they asked him about it^Adverbial Clause^modifier^彼らがそれについて尋ねた時|deferring to the board^Participle Phrase^modifier^理事会に任せる（判断を委ねる）として||
97|00:10:46.348|but then noted how much effort he's been putting into revitalizing the place.|しかしその後、その場所（センター）の活性化にどれだけの労力を注いできたかについて言及しました。|but then noted^Connector+V^core^しかしその後（〜と）言及しました|how much effort he's been putting^Noun Clause^core^彼がどれだけの努力を注いできたか|into revitalizing the place^Prep Phrase^modifier^その場所を再活性化させることに||
98|00:10:50.511|but, you know, actually, after the news was announced, Ohio Democratic Representative Joyce Beatty posted a video on social media claiming that, you know, during the call when the vote was held, dissenting voices were silenced.|しかし、実際にニュースが発表された後、オハイオ州の民主党ジョイス・ビーティ下院議員がソーシャルメディアに動画を投稿し、投票が行われた通話中、反対の声がかき消されたと主張しました。|but... actually, after the news was announced^Adverbial Clause^connector^しかし...実際にニュースが発表された後|Ohio Democratic Representative Joyce Beatty posted a video^S+V+O^core^オハイオ州民主党のジョイス・ビーティ下院議員が動画を投稿しました|on social media claiming that^Prep+Participle^modifier^ソーシャルメディア上で、〜と主張して|during the call when the vote was held^Prep Phrase^modifier^投票が行われた通話の間に|dissenting voices were silenced^Noun Clause^core^反対する声が封じられたと
99|00:10:59.718|I was on that call. And as I tried to push my button to voice my concern, to ask questions, and certainly not to vote in support of this, I was muted.|「私はその通話に参加していました。懸念を表明し、質問をするために、そして断じてこれに賛成票を投じないためにボタンを押そうとした時、私はミュートされました。」|I was on that call^S+V+Prep^core^私はその通話に参加していました|And as I tried to push my button^S+V+O^core^そして私がボタンを押そうとした時|to voice my concern, to ask questions^Infinitive^modifier^懸念を表明し、質問をするために|and certainly not to vote in support of this^Connector+Infinitive^connector^そして断じてこれの支持に投票しないために|I was muted^S+V (Passive)^core^私はミュートされました
100|00:11:13.080|Roma Daravi, the vice president of public relations at the center, told me that Representative Beatty is a non-voting member.|センターの広報担当副社長ローマ・ダラヴィは、ビーティ議員は議決権のないメンバーであると私に語りました。|Roma Daravi... told me^S+V+O^core^ローマ・ダラヴィは私に言いました|the vice president of public relations at the center^Appositive^modifier^センターの広報担当副社長である|that Representative Beatty is a non-voting member^Noun Clause^core^ビーティ議員は投票権のないメンバーであると||
101|00:11:18.565|You know, Beatty is what's called an ex-officio member. She's coming in from Congress and not appointed by the president.|ビーティはいわゆる職務上の議員（エクス・オフィシオ）です。彼女は大統領による任命ではなく、議会から送り込まれています。|You know, Beatty is what's called an ex-officio member^S+V+C^core^ビーティはいわゆる職務上の議員（ex-officio）です|She's coming in from Congress^S+V+Prep^core^彼女は議会から来ています|and not appointed by the president^Connector+Participle^connector^そして大統領に任命されたわけではありません||
102|00:11:23.413|But Congresswoman Beatty's office tells me that she has voted on Kennedy Center board matters in the past.|しかしビーティ議員の事務所によると、彼女は過去にケネディ・センターの理事会事項について投票したことがあるそうです。|But Congresswoman Beatty's office tells me^S+V+O^connector^しかしビーティ議員の事務所は私に伝えています|that she has voted^Noun Clause^core^彼女が投票したことがあると|on Kennedy Center board matters in the past^Prep Phrase^modifier^過去にケネディ・センターの理事会案件について||
103|00:11:28.116|So we're talking a lot about the board here. Can you tell us, like, who's on it? Like, what's the governance structure?|ここでは理事会について多く話していますが、誰が入っているのか教えてもらえますか？ガバナンス構造はどうなっているのですか？|So we're talking a lot about the board here^S+V+Adv+Prep^core^ここでは理事会について多く話しています|Can you tell us, like, who's on it?^Question^core^誰が入っているか教えてくれますか？|Like, what's the governance structure?^Question^core^例えば、ガバナンス構造はどうなっていますか？||
104|00:11:33.085|Yeah, well, President Trump made himself the chair of the board earlier this year.|ええ、トランプ大統領は今年の初めに自らを理事会の議長に据えました。|Yeah, well, President Trump made himself the chair^S+V+O+C^core^ええ、トランプ大統領は自分自身を議長にしました|of the board^Prep Phrase^modifier^理事会の|earlier this year^Adverb^modifier^今年の初めに||
105|00:11:36.882|He replaced the former chair, David Rubenstein, and also fired the former president, Deborah Rudder.|彼は前議長のデビッド・ルーベンスタインを更迭し、前社長のデボラ・ラダーも解雇しました。|He replaced the former chair, David Rubenstein^S+V+O^core^彼は前議長のデビッド・ルーベンスタインを更迭し|and also fired the former president, Deborah Rudder^Connector+V+O^connector^そして前社長のデボラ・ラダーも解雇しました|||
106|00:11:40.920|And then he kicked out all of the members appointed by President Biden. And now the board is stacked with, you know, I think it's fair to call them people loyal to the president.|そして彼はバイデン大統領によって任命されたメンバー全員を追い出しました。現在、理事会は、大統領に忠実な人々呼んで差し支えない人々で埋め尽くされています。|And then he kicked out all of the members^Connector+S+V+O^core^そして彼はメンバー全員を追い出しました|appointed by President Biden^Participle Phrase^modifier^バイデン大統領によって任命された|And now the board is stacked with...^S+V+C^connector^そして今、理事会は...で埋め尽くされています|I think it's fair to call them people loyal to the president^Clause^modifier^大統領に忠実な人々と呼ぶのが公平だと私が思う（人々）|
107|00:11:48.267|You got Second Lady Usha Vance, Fox News host Laura Ingraham, Attorney General Pam Bondi, and more.|セカンドレディのウシャ・ヴァンス、Fox News司会者のローラ・イングラハム、司法長官のパム・ボンディなどがいます。|You got Second Lady Usha Vance^S+V+O^core^（例えば）セカンドレディのウシャ・ヴァンスがいます|Fox News host Laura Ingraham^Noun Phrase^core^Fox News司会者のローラ・イングラハム|Attorney General Pam Bondi, and more^Noun Phrase^core^司法長官のパム・ボンディ、その他など||
108|00:11:53.416|So those are the members appointed by the president. And then there are other members appointed by Congress.|これらが大統領によって任命されたメンバーです。そして、議会によって任命された他のメンバーもいます。|So those are the members appointed by the president^S+V+C+Mod^core^それらが大統領に任命されたメンバーです|And then there are other members^Connector+S+V+S^connector^そして他にもメンバーがいます|appointed by Congress^Participle Phrase^modifier^議会によって任命された||
109|00:11:58.931|And I think that's the question is, like, who really has the authority here?|そして、ここでの疑問は、一体誰が本当の権限を持っているのかということだと思います。|And I think that's the question is^S+V+Clause^core^そしてそこが疑問点だと思います|like, who really has the authority here?^Wh-Question^core^ここで誰が本当に権限を持っているのかという|||
110|00:12:00.744|So then the other question is, is the board really allowed to rename the center?|ではもう一つの疑問は、理事会は本当にセンターの名前を変えることが許されているのかということです。|So then the other question is^S+V+C^core^ではもう一つの疑問は|is the board really allowed to rename the center?^Question^core^理事会はセンターの名前を変えることを本当に許されているのか（ということです）|||
111|00:12:04.838|Yes. Speaking of authority, so congressional Democrats including Senator Chuck Schumer and Congressman Hakeem Jeffries,|はい。権限の話と言えば、チャック・シューマー上院議員やハキーム・ジェフリーズ下院議員を含む議会民主党員は、|Yes. Speaking of authority^Phrase^connector^はい。権限の話と言えば|so congressional Democrats^Subject^core^議会民主党員たちは|including Senator Chuck Schumer and Congressman Hakeem Jeffries^Participle Phrase^modifier^チャック・シューマー上院議員やハキーム・ジェフリーズ下院議員を含む||
112|00:12:09.393|sent a statement stating that federal law prohibits changing the name without congressional action and that the president doesn't have the legal authority to do so.|連邦法は議会の行動（承認）なしに名称を変更することを禁じており、大統領にはそうする法的権限がないとする声明を送りました。|sent a statement stating^V+O+Participle^core^〜と述べる声明を送りました|that federal law prohibits changing the name^Noun Clause^modifier^連邦法は名称変更を禁じていると|without congressional action^Prep Phrase^modifier^議会の行動なしに|and that the president doesn't have the legal authority to do so^Connector+Noun Clause^modifier^そして大統領にはそうする法的権限がないと|
113|00:12:17.258|And then they also noted that the incident with Congressman Beatty reflected a, quote, troubling lack of transparency and respect for the rule of law.|そして彼らはまた、ビーティ議員に関する出来事は、「透明性と法の支配への尊重の、厄介な欠如」を反映しているとも指摘しました。|And then they also noted^S+V^core^そして彼らはまた指摘しました|that the incident with Congressman Beatty^Noun Clause (Subject)^core^ビーティ議員との出来事は|reflected a... troubling lack of transparency^Verb+Object^core^「懸念すべき透明性の欠如」を反映していると|and respect for the rule of law^Noun Phrase^core^そして法の支配への尊重の（欠如を）|
114|00:12:24.734|So Kennedy Center is a really big deal in the Washington, D.C. area. And obviously, some people come in from all over the country and, frankly, the world to perform there.|ケネディ・センターはワシントンD.C.エリアでは本当に重要な存在です。そして明らかに、全国から、率直に言えば世界中から人々が公演のためにやってきます。|So Kennedy Center is a really big deal^S+V+C^core^ケネディ・センターは本当に重要な存在です|in the Washington, D.C. area^Prep Phrase^modifier^ワシントンD.C.エリアにおいて|And obviously, some people come in from all over the country^S+V+Adv^connector^明らかに、人々は全国からやってきます|and, frankly, the world to perform there^Phrase^modifier^率直に言って、世界中からそこで公演するために|
115|00:12:31.954|But for people who aren't familiar with it, just what is it?|でも、馴染みのない人のために聞きますが、それは一体何なのですか？|But for people who aren't familiar with it^Prep Phrase^modifier^でも、それに馴染みのない人々のために|just what is it?^Wh-Question^core^一体それは何なのですか？|||
116|00:12:35.412|Yeah, it's like intended to be a public auditorium for the country, right?|ええ、それは国にとっての公会堂となることを意図しているようなものですね？|Yeah, it's like intended to be^Passive+Inf^core^ええ、それは〜となることを意図されています|a public auditorium for the country, right?^Noun Phrase^core^国のための公会堂（であること）、そうですよね？|||
117|00:12:39.197|It was originally going to be called the National Cultural Center. And then in 64, President Johnson signed legislation naming it the John F. Kennedy Center for the Performing Arts|元々は「国立文化センター」と呼ばれる予定でした。その後64年に、ジョンソン大統領が「ジョン・F・ケネディ・パフォーミング・アーツ・センター」と命名する法律に署名しました。|It was originally going to be called^Passive^core^それは元々〜と呼ばれる予定でした|the National Cultural Center^Noun Phrase^core^「国立文化センター」と|And then in 64, President Johnson signed legislation^S+V+O^connector^そして64年に、ジョンソン大統領は法律に署名しました|naming it the John F. Kennedy Center for the Performing Arts^Participle Phrase^modifier^「ジョン・F・ケネディ・パフォーミング・アーツ・センター」と命名する|
118|00:12:47.966|as a, quote, living memorial to President Kennedy, who was just assassinated a few months prior.|わずか数ヶ月前に暗殺されたケネディ大統領への、いわゆる「生きた記念碑」として。|as a, quote, living memorial to President Kennedy^Prep Phrase^modifier^ケネディ大統領への、いわゆる「生きた記念碑」として|who was just assassinated a few months prior^Relative Clause^modifier^ほんの数ヶ月前に暗殺されたばかりの||
119|00:12:52.529|And so, you know, the place hosts concerts and musicals and plays, and there's a lot of free events. And it also helps, like, develop young playwrights and supports dance companies that can't afford to tour.|ですから、そこではコンサートやミュージカル、演劇が開催され、無料イベントもたくさんあります。また、若い劇作家の育成を助けたり、ツアーをする余裕のないダンスカンパニーを支援したりもしています。|And so, you know, the place hosts concerts and musicals and plays^S+V+O^core^その場所はコンサート、ミュージカル、演劇を主催しています|and there's a lot of free events^Connector+S+V+S^connector^そして多くの無料イベントがあります|And it also helps, like, develop young playwrights^S+V+O^connector^そして若い劇作家を育てるのを助けたり|and supports dance companies that can't afford to tour^V+O+Clause^connector^ツアーをする余裕のないダンスカンパニーを支援したりします|
120|00:13:03.155|So it's big locally and nationally. And the president is really interested in it?|つまり、地域的にも国家的にも大きな存在なんですね。そして大統領は本当にそれに関心があるのですか？|So it's big locally and nationally^S+V+C^core^だからそれは地域的にも国家的にも大きいです|And the president is really interested in it?^Question^connector^そして大統領は本当にそれに関心があるのですか？|||
121|00:13:05.560|I mean, he is now, right? He kind of ignored it mostly during the first term.|まあ、今はそうですよね？彼は1期目の間は、ほとんど無視していましたから。|I mean, he is now, right?^S+V+Adv^core^つまり、彼は今はそう（関心がある）ですよね？|He kind of ignored it mostly^S+V+O^core^彼はそれをほとんど無視していました|during the first term^Prep Phrase^modifier^（彼の）最初の任期の間は||
122|00:13:09.546|But this time around, he's made a big effort to exert his influence over it.|しかし今回は、彼はその影響力を行使するために大きな努力をしています。|But this time around^Adverb^connector^しかし今回は|he's made a big effort^S+V+O^core^彼は大きな努力をしました|to exert his influence over it^Infinitive^modifier^それに対して彼の影響力を行使するために||
123|00:13:13.745|He put in some money for it to repair and renovate the place in his "one beautiful bill" earlier this year.|彼は今年初め、自身の「素晴らしい法案（歳出法案）」の中で、施設の修繕と改修のために資金を投入しました。|He put in some money for it^S+V+O^core^彼はそのために資金を投入しました|to repair and renovate the place^Infinitive^modifier^その場所を修繕し改修するために|in his "one beautiful bill" earlier this year^Prep Phrase^modifier^今年初めの彼の「素晴らしい法案」の中で||
124|00:13:19.276|And he's hosting the honors, which is something that most presidents sort of like take a hands off approach to.|そして彼は授賞式を主催していますが、これは多くの大統領がある種「不干渉」のアプローチをとるようなものです。|And he's hosting the honors^S+V+O^core^そして彼は名誉賞（授賞式）を主催しています|which is something that most presidents...^Relative Clause^modifier^それは多くの大統領が...するようなものです|take a hands off approach to^Verb Phrase^modifier^「不干渉」のアプローチをとる（手を出さない）||
125|00:13:25.308|That is NPR's Andrew Limbaugh. Andrew, thank you. Thanks, Michelle.|NPRのアンドリュー・リンボーでした。アンドリュー、ありがとう。ありがとう、ミシェル。|That is NPR's Andrew Limbaugh^S+V+C^core^NPRのアンドリュー・リンボーでした|Andrew, thank you^Phrase^core^アンドリュー、ありがとう|Thanks, Michelle^Phrase^core^ありがとう、ミシェル||
126|00:13:33.060|And that's up first for Friday, December 19th. I'm Michelle Martin.|12月19日金曜日の「Up First」は以上です。ミシェル・マーティンがお送りしました。|And that's up first^S+V+C^core^そしてこれが「Up First」です（以上です）|for Friday, December 19th^Prep Phrase^modifier^12月19日金曜日の|I'm Michelle Martin^S+V+C^core^私はミシェル・マーティンです||
127|00:13:36.321|And I'm Leila Faldin. With school out for the holidays and parents needing to juggle work, family in the holiday rush, kids end up getting more screen time.|そしてレイラ・ファディルです。休暇で学校が休みになり、親がホリデーシーズンの忙しさの中で仕事と家族をやりくりしなければならないため、子供たちのスクリーンタイム（画面を見る時間）は増えてしまいがちです。|And I'm Leila Faldin^S+V+C^core^そして私はレイラ・ファディルです|With school out for the holidays^Prep Phrase^modifier^休暇で学校が休みになり|and parents needing to juggle work...^Participle Phrase^modifier^そして親が仕事などをやりくりする必要があり|kids end up getting more screen time^S+V+O^core^子供たちはより多くのスクリーンタイムを得ることになります|
128|00:13:45.202|Now, is that increased time online always harmful? Well, according to experts, it depends.|さて、その増えたオンライン時間は常に有害なのでしょうか？専門家によると、場合によります。|Now, is that increased time online always harmful?^Question^core^さて、その増えたオンライン時間は常に有害ですか？|Well, according to experts^Prep Phrase^modifier^専門家によれば|it depends^S+V^core^それは（状況に）よります||
129|00:13:51.257|Kids are using digital space as sort of the last frontier to get away from us.|子供たちはデジタル空間を、私たちから逃れるための「最後のフロンティア（未開拓地）」のようなものとして使っています。|Kids are using digital space^S+V+O^core^子供たちはデジタル空間を使っています|as sort of the last frontier^Prep Phrase^modifier^一種の「最後のフロンティア」として|to get away from us^Infinitive^modifier^私たちから逃れるための||
130|00:13:55.522|And is all screen time created equal? You want to break that down in two different kinds of screen time in the same way you would break it down into different kinds of food.|そして、すべてのスクリーンタイムは等しく作られているのでしょうか？食べ物を種類別に分けるのと同じように、2種類の異なるスクリーンタイムに分解して考える必要があります。|And is all screen time created equal?^Question (Passive)^core^すべてのスクリーンタイムは等しく作られていますか？|You want to break that down^S+V+O^core^あなたはそれを分解する必要があります|in two different kinds of screen time^Prep Phrase^modifier^2種類の異なるスクリーンタイムに|in the same way you would break it down...^Adverbial Clause^modifier^あなたがそれを分解するのと同じように...|
131|00:14:02.988|This weekend on The Sunday Story, researcher Eli Stark-Elster breaks down the difference between games that are perhaps not so nutritious and the ones that we might even consider wholesome.|今週末の「The Sunday Story」では、研究者のイーライ・スターク＝エルスターが、あまり栄養がないかもしれないゲームと、健全とさえ言えるゲームの違いを解説します。|This weekend on The Sunday Story^Prep Phrase^modifier^今週末の「The Sunday Story」で|researcher Eli Stark-Elster breaks down the difference^S+V+O^core^研究者イーライ・スターク＝エルスターが違いを解説します|between games that are perhaps not so nutritious^Prep Phrase^modifier^あまり栄養がないかもしれないゲームと|and the ones that we might even consider wholesome^Noun Phrase^modifier^私たちが健全とさえ見なすかもしれないものとの|
132|00:14:13.289|Listen to The Sunday Story right here on NPR's Up First podcast.|NPRの「Up First」ポッドキャストで、「The Sunday Story」をぜひお聴きください。|Listen to The Sunday Story^Imperative^core^「The Sunday Story」を聴いてください|right here on NPR's Up First podcast^Prep Phrase^modifier^まさにここのNPR「Up First」ポッドキャストで|||
133|00:14:17.125|Today's episode of Up First was edited by Robbie Griffiths, Megan Pratt, Jane Van Asco, Lisa Thompson, and Ellis Wolfley.|今日の「Up First」のエピソードは、ロビー・グリフィス、ミーガン・プラット、ジェーン・ヴァン・アスコ、リサ・トンプソン、そしてエリス・ウルフリーによって編集されました。|Today's episode of Up First^Subject^core^今日の「Up First」のエピソードは|was edited by Robbie Griffiths...^Passive Voice^core^ロビー・グリフィス...らによって編集されました|||
134|00:14:24.297|It was produced by Zayad Baj, Nia Dumas, and Christopher Thomas.|プロデュースは、ザヤド・バジ、ニア・デュマス、そしてクリストファー・トーマスが担当しました。|It was produced by Zayad Baj...^Passive Voice^core^それはザヤド・バジ...らによって制作されました||||
135|00:14:27.596|We get engineering support from Stacey Abbott. Our technical director is Carly Strange.|技術サポートはステイシー・アボット。テクニカルディレクターはカーリー・ストレンジです。|We get engineering support from Stacey Abbott^S+V+O+Prep^core^我々はステイシー・アボットから技術支援を得ています|Our technical director is Carly Strange^S+V+C^core^テクニカルディレクターはカーリー・ストレンジです|||
136|00:14:31.845|And our executive producer is Jay Shaler. We hope you'll join us again on Monday.|エグゼクティブプロデューサーはジェイ・シェイラーです。月曜日にまたお会いしましょう。|And our executive producer is Jay Shaler^S+V+C^core^エグゼクティブプロデューサーはジェイ・シェイラーです|We hope you'll join us again on Monday^S+V+Clause^core^月曜日にまた参加してくれることを願っています|||
137|00:14:36.134|Support for this podcast comes from GMC. At GMC, ignorance is the furthest thing from bliss.|このポッドキャストへの支援はGMCから提供されています。GMCにおいて、無知は至福とは程遠いものです。|Support for this podcast comes from GMC^S+V+Prep^core^このポッドキャストへの支援はGMCから来ています|At GMC^Prep Phrase^modifier^GMCにおいて|ignorance is the furthest thing from bliss^S+V+C^core^無知は至福から最も遠いものです||
138|00:14:42.563|Bliss is research, testing, testing the testing, until it results in not just one truck, but a whole lineup.|至福とは、リサーチ、テスト、そしてテストのテストを行うことであり、それが単なる1台のトラックではなく、全ラインナップという結果になるまで続くのです。|Bliss is research, testing, testing the testing^S+V+C^core^至福とはリサーチ、テスト、テストのテストです|until it results in not just one truck^Adverbial Clause^modifier^それが単なる1台のトラックという結果になるまで|but a whole lineup^Noun Phrase^connector^しかし全ラインナップ（という結果になるまで）||
139|00:14:49.930|The GMC Sierra lineup, featuring the Sierra 1500, the Sierra Heavy Duty, and the all-electric Sierra EV.|GMCシエラ・ラインナップ。シエラ1500、シエラ・ヘビーデューティー、そして完全電動のシエラEVを取り揃えています。|The GMC Sierra lineup^Noun Phrase^core^GMCシエラ・ラインナップ|featuring the Sierra 1500...^Participle Phrase^modifier^シエラ1500...を特集した（取り揃えた）|||
140|00:14:57.891|Because true bliss is removing every shadow from every doubt. GMC, we are professional grade.|なぜなら、真の至福とは、あらゆる疑念からあらゆる影を取り除くことだからです。GMC、私たちはプロフェッショナル・グレードです。|Because true bliss is removing every shadow^S+V+C^core^なぜなら真の至福とはあらゆる影を取り除くことだからです|from every doubt^Prep Phrase^modifier^あらゆる疑念から|GMC, we are professional grade^S+V+C^core^GMC、私たちはプロフェッショナル・グレードです||
141|00:15:05.344|Visit GMC.com to learn more. This message comes from Mint Mobile.|詳しくはGMC.comをご覧ください。このメッセージはMint Mobileから提供されています。|Visit GMC.com to learn more^Imperative^core^詳しく知るにはGMC.comを訪れてください|This message comes from Mint Mobile^S+V+Prep^core^このメッセージはMint Mobileから来ています|||
142|00:15:10.961|Starting at $15 a month, make the switch at mintmobile.com slash switch.|月額15ドルから。mintmobile.com/switchで切り替えましょう。|Starting at $15 a month^Participle Phrase^modifier^月額15ドルから|make the switch^Imperative^core^（携帯会社の）切り替えをしてください|at mintmobile.com slash switch^Prep Phrase^modifier^mintmobile.com/switchで||
143|00:15:16.168|$45 upfront payment for 3 months. 5 gigabyte plan equivalent to $15 a month.|3ヶ月分45ドルの前払い。月額15ドル相当の5ギガバイトプランです。|$45 upfront payment for 3 months^Noun Phrase^core^3ヶ月分45ドルの前払い|5 gigabyte plan equivalent to $15 a month^Noun Phrase^core^月額15ドルに相当する5ギガバイトプラン|||
144|00:15:21.473|Taxes and fees extra. First 3 months only. See terms.|税金と手数料は別です。最初の3ヶ月のみ。利用規約をご覧ください。|Taxes and fees extra^Noun Phrase^core^税金と手数料は別途|First 3 months only^Noun Phrase^core^最初の3ヶ月のみ|See terms^Imperative^core^規約を参照してください||
145|00:15:25.293|This message comes from Capital One with the Capital One Saver Card.|このメッセージは、Capital One Saver Cardを提供するCapital Oneから提供されています。|This message comes from Capital One^S+V+Prep^core^このメッセージはCapital Oneから来ています|with the Capital One Saver Card^Prep Phrase^modifier^Capital One Saver Cardを伴う（提供する）|||
146|00:15:29.184|Earn unlimited 3% cash back on dining and entertainment. Capital One.|外食とエンターテインメントで無制限の3%キャッシュバックを獲得できます。Capital One。|Earn unlimited 3% cash back^Imperative^core^無制限の3%キャッシュバックを獲得してください|on dining and entertainment^Prep Phrase^modifier^外食とエンターテインメントにおいて|Capital One^Proper Noun^core^Capital One||
147|00:15:34.246|What's in your wallet? Terms apply. Details at capitalone.com.|あなたのお財布には何が入っていますか？条件が適用されます。詳細はcapitalone.comで。|What's in your wallet?^Question^core^あなたの財布には何が入っていますか？|Terms apply^S+V^core^条件が適用されます|Details at capitalone.com^Noun Phrase^core^詳細はcapitalone.comにて||